1,0,0,单个动作,"[playlist]
item_no = 1            
item0 = 300,1,0,一条播放内容"
2,0,0,多个动作,"[playlist]
item_no = 2            
item0 = 300,1,0,第一条消息a
item1 = 300,1,0,第二条消息b"
3,0,0,动作条数大于等于动作数,"[playlist]
item_no = 10            
item0 = 300,1,0,第一条消息a1
item1 = 300,1,0,第二条消息b2
item2 = 300,1,0,第三条消息c3"
4,0,0,动作条数小于动作数,"[playlist]
item_no = 2           
item0 = 300,1,0,第一条消息a11
item1 = 300,1,0,第二条消息b22
item2 = 300,1,0,第三条消息c33
item2 = 300,1,0,第三条消息d44"
5,0,0,动作条数为0,"[playlist]
item_no = 0           
item0 = 300,1,0,第一条消息a11
item1 = 300,1,0,第二条消息b22
item2 = 300,1,0,第三条消息c33
item2 = 300,1,0,第三条消息d44"
6,0,0,动作条数为负数,"[playlist]
item_no = -2           
item0 = 300,1,0,第一条消息a11
item1 = 300,1,0,第二条消息b22
item2 = 300,1,0,第三条消息c33
item2 = 300,1,0,第三条消息d46"
7,0,0,itemN顺序颠倒,"[playlist]
item_no = 3            
item2 = 300,1,0,第一条消息a111
item0 = 300,1,0,第二条消息b222
item1 = 300,1,0,第三条消息c333"
8,0,0,itemN部分缺失,"[playlist]
item_no = 3            
item2 = 300,1,0,第一条消息1111
item4 = 300,1,0,第二条消息2222
item6 = 300,1,0,第三条消息3333
item1 = 300,1,0,第四条消息4444
item0 = 300,1,0,第五条消息5555"
9,0,0,itemN部分缺失,"[playlist]
item_no = 4            
item2 = 300,1,0,第一条消息1111
item4 = 300,1,0,第二条消息2222
item6 = 300,1,0,第三条消息3333
item1 = 300,1,0,第四条消息4444
item0 = 300,1,0,第五条消息5556"
10,0,0,itemN重叠,"[playlist]
item_no = 5            
item0 = 300,1,0,第一条消息11111
item1 = 300,1,0,第二条消息22222
item1 = 300,1,0,第三条消息33333
item2 = 300,1,0,第四条消息44444
item3 = 300,1,0,第五条消息55555"
11,0,0,动作条数为500条,"[playlist]
item_no = 500            
item0 = 300,1,0,\b000255000000第一条消息11111
item1 = 300,1,0,第二条消息22222
item2 = 300,1,0,第三条消息33333
item3 = 300,1,0,第四条消息44444
item4 = 300,1,0,第五条消息55555
item499 = 30000,1,0,\fs6464第五百条消息0000000"
12,0,0,动作条数大于500条,"[playlist]
item_no = 600            
item0 = 300,1,0,\b000255000000第一条消息11111
item1 = 300,1,0,第二条消息22222
item2 = 300,1,0,第三条消息33333
item3 = 300,1,0,第四条消息44444
item4 = 300,1,0,第五条消息55555
item499 = 10000,1,0,\fs6464第五百条消息0000000
item500 = 10000,1,0,\fs6464第501条消息
item550 = 10000,1,0,\fs6464第551条消息"
13,0,0,缺省值,"[playlist]
item_no = 3            
item0 = ,1,0,第一条消息11111
item1 = 300,1,0,第二条"
14,0,0,停留时间最小值1,"[playlist]
item_no = 2            
item0 = 0,1,0,第一条消息a11111
item1 = 300,1,0,第二条"
15,0,0,停留时间最小值2,"[playlist]
item_no = 2            
item0 = 1,1,0,第一条消息a11111
item1 = 300,1,0,第二条"
16,0,0,停留时间最小值3,"[playlist]
item_no = 2            
item0 = 2,1,0,第一条消息a11111
item1 = 300,1,0,第二条"
17,0,0,最大值,"[playlist]
item_no = 2           
item0 = 8640000,1,0,\b000255000000最大停留时间
item1 = 300,1,0,\fs6464第二条"
18,0,0,超出最大值,"[playlist]
item_no = 2           
item0 = 123456789,1,0,\b000255000000最大停留时间
item1 = 500,1,0,\fs6464第二条"
19,0,0,停留时间,"[playlist]
item_no = 6           
item0 = 100,1,0,停留时间-100
item1 = 300,1,0,停留时间-300
item2 = 200,1,0,停留时间-200
item3 = 1000,1,0,停留时间-1000
item4 = 2000,1,0,停留时间-2000
item5 = 800,1,0,停留时间-800"
20,0,0,清屏,"[playlist]
item_no = 1            
item0 = 0,0,0,123123123"
21,0,0,立即显示,"[playlist]
item_no = 1            
item0 = 500,1,0,\b255255000000\C000000\fs2424立即显示\C100024\fs2424偏移文字"
22,0,0,上移,"[playlist]
item_no = 1            
item0 = 500,2,0,\b255255000000\C000000\fs2424上移\C048024\fs2424偏移文字"
23,0,0,下移,"[playlist]
item_no = 1            
item0 = 1000,3,0,\b255255000000\C000000\fs6464下移\C100100\fs6464偏移文字"
24,0,0,左移,"[playlist]
item_no = 1            
item0 = 1500,4,0,\b255255000000\C000000\fs2424左移\C048024\fs2424偏移文字"
25,0,0,右移,"[playlist]
item_no = 1            
item0 = 2000,5,0,\b255255000000\C000000\fs2424右移\C048024\fs2424偏移文字"
26,0,0,横百叶窗,"[playlist]
item_no = 1            
item0 = 1000,6,10,\b255255000000\C000000\fs2424横百叶窗\C100024\fs2424偏移文字"
27,0,0,竖百叶窗,"[playlist]
item_no = 2            
item0 = 1500,7,10,\b255255000000\C000000\fs2424竖百叶窗\C100024\fs2424偏移文字
item1 = 500,2,0,\fs4848\b000255000000上移"
28,0,0,上下合拢,"[playlist]
item_no = 1            
item0 = 500,8,0,\b255255000000\C000000\fs2424上下合拢\C096024偏移文字\C192024再次偏移"
29,0,0,上下展开,"[playlist]
item_no = 2            
item0 = 1000,9,1,\b255255000000\C000000\fs2424上下展开\C096024偏移文字\C192024再次偏移
item1 = 500,2,0,\fs4848\b000255000000上移"
30,0,0,左右合拢,"[playlist]
item_no = 2            
item0 = 1500,10,5,\b255255000000\C000000\fs2424左右合拢\C096024偏移文字\C192024再次偏移
item1 = 500,2,0,\fs2424\b000255000000上移"
31,0,0,左右展开,"[playlist]
item_no = 2            
item0 = 2000,10,10,\b255255000000\C000000\fs2424左右展开\C096024偏移文字\C192024再次偏移
item1 = 500,2,0,\fs2424\b000255000000上移"
32,0,0,中心合拢,"[playlist]
item_no = 2            
item0 = 2500,10,15,\b255255000000\C000000\fs2424中心合拢\C096024偏移文字\C192024再次偏移
item1 = 500,2,0,\fs2424\b000255000000上移"
33,0,0,中心展开,"[playlist]
item_no = 2            
item0 = 3000,13,49,\b255255000000\C000000\fs2424中心展开\C096024偏移文字\C192024再次偏移
item1 = 500,2,0,\fs4848\b000255000000上移"
34,0,0,向下马赛克,"[playlist]
item_no = 1            
item0 = 500,14,10,\b255255000000\C000000\fs2424向下马赛克\C120024\fs2424偏移文字"
35,0,0,向右马赛克,"[playlist]
item_no = 2            
item0 = 1000,15,10,\b255255000000\C000000\fs2424向右马赛克\C120024\fs4848偏移文字
item1 = 500,2,0,\fs4848\b000255000000上移"
36,0,0,长串左移,"[playlist]
item_no = 1            
item0 = 500,30,0,\b255255000000\C000000\fs6464左移\C100100\fs6464\c000000255000\S32偏移文字shifsyfhiosfhsifhslfhsjklfhsdfhsjkfhdsjkfhdshf1234
[playlist]
item_no = 1            
item0 = 500,30,10,\b255255000000\fs4848“团雾”又名坨坨雾，其本质上也是雾，是受局部地区微气候环境的影响，在大雾中数十米到上百米的局部范围内，出现的更“浓”、能见度更低的雾。团雾外视线良好，团雾内一片朦胧。团雾区域性强、预测预报难，尤其是在高速公路上，团雾会导致能见度的突然变化，对高速公路交通安全极具危害性，容易酿成重大交通事故。团雾是由于地面辐射冷却，使贴近地面的空气变冷、饱和比湿下降导致水汽凝结而形成。团雾的形成需要两个主要条件，一是低层水汽充沛、空气湿度大，二是昼夜温差大且风小。天气晴好时不易出现团雾。我国南方秋冬季易出现团雾，一般出现在昼夜温差较大、无风的夜间，或者是早6时至8时。团雾一般出现在地势低洼、空气湿度大的地区，与局部小气候环境关系密切。多是雨后山区高速公路，前提条件是昼夜温差大、无风时，易产生团雾。团雾一般出现在地势低洼、空气湿度大的地区，与局部小气候环境关系密切。多是雨后山区高速公路，前提条件是昼夜温差大、无风时，易产生团雾。高速公路上比较容易发生团雾，据统计，年均发生10次以上团雾的高速路段中，中东部的长江沿线及江南一带都是团雾的重灾区。这是因为团雾与局部小气候环境非常密切。盐城地处黄海之滨，盛行偏东风时，从"
37,0,0,多项切换,"[playlist]
item_no = 16
item0 = 500,1,0,\b255255000000\C000000\fs2424立即显示\C096024\fs2424偏移文字           
item1 = 500,2,0,\b255255000000\C000000\fs2424上移\C048024\fs2424偏移文字           
item2 = 500,3,0,\b255255000000\C000000\fs2424下移\C048024\fs2424偏移文字            
item3 = 500,4,0,\b255255000000\C000000\fs2424左移\C048024\fs2424偏移文字           
item4 = 500,5,0,\b255255000000\C000000\fs2424右移\C048024\fs2424偏移文字           
item5 = 500,6,0,\b255255000000\C000000\fs2424横百叶窗\C096024\fs2424\b000255000000偏移文字           
item6 = 500,7,0,\b255255000000\C000000\fs2424竖百叶窗\C096024\fs2424\b000255255000偏移文字           
item7 = 500,8,0,\b255255000000\C000000\fs2424上下合拢\C096024\fs2424偏移文字           
item8 = 500,9,0,\b255255000000\C000000\fs2424上下展开\C096024\fs2424\b000000255000偏移文字           
item9 = 500,10,0,\b255255000000\C000000\fs2424左右合拢\C096024\fs2424偏移文字           
item10 = 500,11,0,\b255255000000\C000000\fs2424出字方式21\C144024\fs2424偏移文字           
item11 = 500,12,0,\b255255000000\C000000\fs2424中心合拢\C096024\fs2424偏移文字           
item12 = 500,13,0,\b255255000000\C000000\fs2424中心展开\C096024\fs2424\b255000255000偏移文字           
item13 = 500,14,0,\b255255000000\C000000\fs2424向下马赛克\C096024\fs2424偏移文字           
item14 = 500,15,0,\b255255000000\C000000\fs2424向右马赛克\C096024\fs2424\b128128128000偏移文字                  
item15 = 500,30,0,\b255255000000\C000000\fs2424左移\C096024\fs2424\c255000000000偏移文字shifsyfhiosfhsifhslfhsjklfhsdfhsjkfhdsjkfhdshf1234"
38,0,0,立即出现,"[playlist]
item_no = 2           
item0 = 500,0,20,param测试11
item1 = 500,1,15,param测试22"
39,0,0,缺省值,"[playlist]
item_no = 1           
item0 = 500,2,,param测试111"
40,0,0,最大值,"[playlist]
item_no = 1           
item0 = 500,2,49,param测试111"
41,0,0,超出最大值,"[playlist]
item_no = 1           
item0 = 500,2,100,param测试111"
42,0,0,param,"[playlist]
item_no = 4           
item0 = 500,2,10,param测试111
item1 = 500,3,20,param测试222
item2 = 500,4,30,param测试333
item3 = 500,5,40,param测试444"
43,0,0,数字,"[playlist]
item_no = 1            
item0 = 300,1,0,1234567890"
44,0,0,空格,"[playlist]
item_no = 1            
item0 = 300,1,0,    \fs4848\b2552550000001   1234567890    "
45,0,0,中文,"[playlist]
item_no = 1            
item0 = 300,1,0,软件测试"
46,0,0,英文,"[playlist]
item_no = 1            
item0 = 300,1,0,abcdefghijklmnopqrstuvwxyz\nABCDEFGHIJKLMNOPQRSTUVWXYZ"
47,0,0,字符,"[playlist]
item_no = 1            
item0 = 300,30,1,\fs4848\c255000000000~！@#￥%……&*（）——+{}|：“”《》？，。、；‘’【】、=-·~!@#$%^&*()_+{}|:""""<>?,./;'[]\=-`"
48,0,0,组合字符,"[playlist]
item_no = 1            
item0 = 300,1,0,89-123456 test 速度 限制 “1” +"
49,0,0,多项文本,"[playlist]
item_no = 4           
item0 = 300,1,0,89-123456
item1 = 300,1,0,速度 限制
item2 = 300,1,0,啊啊啊啊啊啊
item3 = 300,1,0,test"
50,0,0,单行至多行文本,"[playlist]
item_no = 1           
item0 = 300,1,0,13243354"
51,0,0,单行至多行文本,"[playlist]
item_no = 1           
item0 = 300,1,0,13243354\nshfkdjshfkd\ngsgfd\hdsjsjs5738497\n!@@##$%%^^&&"
52,0,0,多行文本至单行,"[playlist]
item_no = 1           
item0 = 300,1,0,13243354\nshfkdjshfkd\ngsgfd\hdsjsjs5738497\n!@@##$%%^^&&"
53,0,0,多行文本至单行,"[playlist]
item_no = 1           
item0 = 300,1,0,13243354"
54,0,0,超长文本,"[playlist]
item_no = 2            
item0 = 300,1,0,昔人已乘黄鹤去，此地空余黄鹤楼。黄鹤一去不复返，白云千载空悠悠。晴川历历汉阳树，芳草萋萋鹦鹉洲。日暮乡关何处是，烟波江上使人愁。
item1 = 300,1,0,\fs4848a昔人已乘黄鹤去，b此地空余黄鹤楼。c黄鹤一去不复返，d白云千载空悠悠。晴川历历汉阳树，芳草萋萋鹦鹉洲。日暮乡关何处是，烟波江上使人愁。"
55,0,0,500字,"[playlist]
item_no = 1              	
item0 = 100,30,1,\fs4848“团雾”又名坨坨雾，其本质上也是雾，是受局部地区微气候环境的影响，在大雾中数十米到上百米的局部范围内，出现的更“浓”、能见度更低的雾。团雾外视线良好，团雾内一片朦胧。团雾区域性强、预测预报难，尤其是在高速公路上，团雾会导致能见度的突然变化，对高速公路交通安全极具危害性，容易酿成重大交通事故。我国南方秋冬季易出现团雾，一般出现在昼夜温差较大、无风的夜间，或者是早6时至8时。团雾一般出现在地势低洼、空气湿度大的地区，与局部小气候环境关系密切。多是雨后山区高速公路，前提条件是昼夜温差大、无风时，易产生团雾。由于其本身与大范围的大气环境并不是很匹配，团雾不仅能在大雾天气中常常现身（大雾中数十米到上百米的局部范围内，出现的能见度更低的雾），在天气状况良好的情况下，有可能出现于偏远的山区或农村。高速公路上比较容易发生团雾，据统计，年均发生10次以上团雾的高速路段中，中东部的长江沿线及江南一带都是团雾的重灾区。这是因为团雾与局部小气候环境非常密切。盐城地处黄海之滨，盛行偏东风时，从海上吹来充沛的水汽，使得空气湿度比较大。高速公路白昼与夜晚的温差比市区大，白天太阳直射产生高温，晚上气温骤降，特别是凌晨时，气温接近“露点”温度，更容易产生大雾。在靠近大水体的地方，如：石臼湖、巢湖、骆马湖等，周边地区，“团雾”比较常见。"
56,0,0,默认坐标,"[playlist]
item_no = 1              	
item0 = 500,1,0,昔人已乘黄鹤去，此地空余黄鹤楼。\n黄鹤一去不复返，白云千载空悠悠。\n晴川历历汉阳树，芳草萋萋鹦鹉洲。\n日暮乡关何处是，烟波江上使人愁。"
57,0,0,横向偏移,"[playlist]
item_no = 1               
item0 = 500,1,0,\C100000\fs4848横向偏移100"
58,0,0,纵向偏移,"[playlist]
item_no = 1               
item0 = 500,1,0,\C000015\fs3232纵向偏移15"
59,0,0,正常偏移,"[playlist]
item_no = 1               
item0 = 500,1,0,\C150020起始坐标150 20"
60,0,0,一行两次偏移,"[playlist]
item_no = 1               
item0 = 500,1,0,\C010010\fs2424起始10 10\C200010再次200 10"
61,0,0,两次偏移,"[playlist]
item_no = 1               
item0 = 500,1,0,\C050050\fs6464起始坐标50 50\fs4848\C114114起始坐标114 114"
62,0,0,0，0,"[playlist]
item_no = 1              	
item0 = 500,1,0,\C000000昔人已乘黄鹤去，此地空余黄鹤楼。\n黄鹤一去不复返，白云千载空悠悠。\n晴川历历汉阳树，芳草萋萋鹦鹉洲。\n日暮乡关何处是，烟波江上使人愁。"
63,0,0,负数,"[playlist]
item_no = 1              	
item0 = 500,1,0,\C-10-10昔人已乘黄鹤去，此地空余黄鹤楼。\n黄鹤一去不复返，白云千载空悠悠。\n晴川历历汉阳树，芳草萋萋鹦鹉洲。\n日暮乡关何处是，烟波江上使人愁。"
64,0,0,负数,"[playlist]
item_no = 1              	
item0 = 500,1,0,\C-100-100\fs1616昔人已乘黄鹤去，此地空余黄鹤楼。\n黄鹤一去不复返，白云千载空悠悠。\n晴川历历汉阳树，芳草萋萋鹦鹉洲。\n日暮乡关何处是，烟波江上使人愁。"
65,0,0,超出分辨率,"[playlist]
item_no = 1              	
item0 = 500,1,0,\C000400昔人已乘黄鹤去，此地空余黄鹤楼。\n黄鹤一去不复返，白云千载空悠悠。\n晴川历历汉阳树，芳草萋萋鹦鹉洲。\n日暮乡关何处是，烟波江上使人愁。"
66,0,0,超出分辨率,"[playlist]
item_no = 1              	
item0 = 500,1,0,\C050044昔人已乘黄鹤去，此地空余黄鹤楼。\n黄鹤一去不复返，白云千载空悠悠。\n晴川历历汉阳树，芳草萋萋鹦鹉洲。\n日暮乡关何处是，烟波江上使人愁。"
67,0,0,格式错误,"[playlist]
item_no = 1              	
item0 = 500,1,0,\C1000000昔人已乘黄鹤去，此地空余黄鹤楼。\n黄鹤一去不复返，白云千载空悠悠。\n晴川历历汉阳树，芳草萋萋鹦鹉洲。\n日暮乡关何处是，烟波江上使人愁。
萋鹦鹉洲。\n日暮乡关何处是，烟波江上使人愁。"
68,0,0,格式错误,"[playlist]
item_no = 1              	
item0 = 500,1,0,\C12301110255昔人已乘黄鹤去，此地空余黄鹤楼。\n黄鹤一去不复返，白云千载空悠悠。\n晴川历历汉阳树，芳草萋萋鹦鹉洲。\n日暮乡关何处是，烟波江上使人愁。"
69,0,0,格式错误,"[playlist]
item_no = 1              	
item0 = 500,1,0,\C123昔人已乘黄鹤去，此地空余黄鹤楼。\n黄鹤一去不复返，白云千载空悠悠。\n晴川历历汉阳树，芳草萋萋鹦鹉洲。\n日暮乡关何处是，烟波江上使人愁。"
70,0,0,多项坐标偏移,"[playlist]
item_no = 6
item0 = 500,1,0,\fs4848Multiple坐标偏移-0,0
item1 = 500,1,1,\fh3232\C000000Multiple坐标偏移-000
item2 = 500,1,2,\fk2424\C250000Multiple坐标偏移-250,0
item3 = 500,1,3,\ff1616\C134011Multiple坐标偏移-134,11
item4 = 500,1,4,\fs2424\C000019Multiple坐标偏移-000,19
item5 = 300,1,5,\fk4848\C300070超出分辨率"
71,0,0,多个超出999坐标偏移,"[playlist]
item_no = 1
item0 = 300, 1, 0,\b000255000000\fk4848第一箱体\C500000第二箱体\C[1000,0000]第三箱体\C000050第四箱体\C500050第五箱体\C[1000,0050]第六\C[1200,0051]七\C[1300,0052]八\fs2424九\C[1400,0053]十"
72,0,0,默认字符颜色,"[playlist]
item_no = 1  
item0 = 500,1,0,\fs2424字符颜色测试\n默认红色字体"
73,0,0,红色字符,"[playlist]
item_no = 1              	
item0 = 500,1,0,\c255000000000\fs2424字符颜色Ab12"
74,0,0,浅红,"[playlist]
item_no = 1              	
item0 = 500,1,0,\c100000000000\fs6464字符100红色"
75,0,0,红色灰度,"[playlist]
item_no = 1              	
item0 = 500,1,0,\fs2424\c255000000000红\c200000000000字\c200000000000从\c175000000000左\c150000000000至\c100000000000右\c075000000000变\c025000000000浅\n\c255000000000红字从左至右变浅"
76,0,0,绿色字符,"[playlist]
item_no = 1 
item0 = 500,1,0,\c000255000000\fs4848字符颜色Ab12"
77,0,0,浅绿字符,"[playlist]
item_no = 1
item0 = 500,1,0,\c000100000000\fs4848字符100绿色Ab"
78,0,0,绿色灰度,"[playlist]
item_no = 1
item0 = 500,1,0,\fs2424\c000025000000绿\c000075000000字\c000100000000从\c000125000000左\c000150000000至\c000175000000右\c000200000000变\c000255000000深\n\c000255000000绿字从左至右变深"
79,0,0,红色背景绿色字体,"[playlist]
item_no = 1                      
item0 = 500,1,0,\fs3232\b255000000000\c000225000000红\c000200000000色\c000175000000背景\c000150000000绿\c000125000000色\c000100000000字体\c000075000000A\c000050000000b\c000025000000结束25绿"
80,0,0,蓝色字符1,"[playlist]
item_no = 1              	
item0 = 500,1,0,\c000000255000\fs4848蓝色字符Ab12"
81,0,0,蓝色字符2,"[playlist]
item_no = 1              	
item0 = 500,1,0,\c000000100000\fs6464蓝色字符Ab12"
82,0,0,蓝色字符3,"[playlist]
item_no = 1
item0=500,1,0,\fs2424\c000000025000蓝\c000000050000蓝\c000000075000蓝\c000000100000蓝\c000000125000蓝\c000000150000蓝\c000000175000蓝\c000000200000蓝\c000000225000蓝\c000000255000蓝\n\c255000000000蓝字从左至右变浅"
83,0,0,黄色字符1,"[playlist]
item_no = 1              	
item0 = 500,1,0,\c255255000000\fs4848黄色255字符Ab12"
84,0,0,黄色字符2,"[playlist]
item_no = 1              	
item0 = 500,1,0,\c100100000000\fs6464黄色100字符Ab12"
85,0,0,黄色字符3,"[playlist]
item_no = 1
item0=500,1,0,\fs3232\c025025000000黄\c050050000000黄\c075075000000黄\c100100000000黄\c125125000000黄\c150150000000黄\c175175000000黄\c200200000000黄\c225225000000黄\c255255000000黄\n\c255000000000黄字从左至右变深"
86,0,0,不同颜色字体,"[playlist]
item_no = 1
item0 = 500,1,0,\fs3232\c255000000000红\c255165000000橙\c255255000000黄\c000255000000绿\c000255255000青\c000000255000蓝\c255000255000紫\c127127127000灰\c255255255000白\c128064000000棕\c150075000000褐\c000000000000黑"
87,0,0,多项字符颜色,"[playlist]
item_no = 4
item0 = 500,1,0,\fs3232\c255000000000Multiple字符颜色-Red1111
item1 = 500,1,1,\fh3232\c000255000000Multiple字符颜色-Green22
item2 = 500,1,2,\fk3232\c255255000000Multiple字符颜色-Yellow3
item3 = 500,1,3,\ff3232\c000000000000\b000255000000Multiple字符颜色-Black44"
88,0,0,默认背景色,"[playlist]
item_no = 1
item0 = 500,1,0,\fs4848默认红字黑底"
89,0,0,红色背景,"[playlist]
item_no = 1
item0 = 500,1,0,\fs4848\c255255000000\b255000000000测试背景"
90,0,0,绿色背景,"[playlist]
item_no = 1              	
item0 = 500,1,0,\c255000000000\b000255000000\fs4848红色字体，绿色背景"
91,0,0,蓝色背景,"[playlist]
item_no = 1              	
item0 = 500,1,0,\c255000000000\b000000255000\fs4848红色字体，蓝色背景"
92,0,0,白色背景,"[playlist]
item_no = 1              	
item0 = 500,1,0,\c000000000000\b255255255000\fs4848黑色字体，白色背景"
93,0,0,黄色背景,"[playlist]
item_no = 1
item0 = 500,1,0,\c255000255000\b255255000000\fs4848紫色字体，黄色背景"
94,0,0,紫色背景,"[playlist]
item_no = 1              	
item0 = 500,1,0,\b255000255000\c255255000000\fs4848黄色字体，紫色背景"
95,0,0,橙色背景,"[playlist]
item_no = 1
item0 = 500,1,0,\b255136000000\c255000000000\fs4848红色字体，橙色背景"
96,0,0,与字符颜色相同,"[playlist]
item_no = 1
item0 = 300, 1, 0,\b255255000000\c255255000000\fs6464中文"
97,0,0,多项背景颜色,"[playlist]
item_no = 4
item0 = 500,1,0,\fs4848\b255000000000Multiple背景颜色-Red1111
item1 = 500,1,1,\fh4848\b000255000000Multiple背景颜色-Green22
item2 = 500,1,2,\fk4848\b255255000000Multiple背景颜色-Yellow3
item3 = 500,1,3,\ff4848\b000000000000Multiple背景颜色-Black44"
98,0,0,默认间距,"[playlist]
item_no = 1
item0 = 500,1,0,\fk4848回回字符默认间距"
99,0,0,"字间距
5-10","[playlist]
item_no = 1
item0 = 500,1,0,\c000255000000\S10\fk4848回回字符间距10"
100,0,0,"字间距
20-50","[playlist]
item_no = 1
item0 = 500,1,0,\c255000000000\S50\fk2424回回字符\n间距50"
101,0,0,"字间距
60-99","[playlist]
item_no = 1
item0 = 500,1,0,\c000000000000\b255000000000\S99\fk2424回回字符\n间距99"
102,0,0,"字间距
1到-9","[playlist]
item_no = 1
item0 = 500,1,0,\S-9\fk4848\c255255000000\b255000000000回回字符间距-9"
103,0,0,"字间距
99-105","[playlist]
item_no = 1
item0 = 500,1,0,\S105\fk2424\b000000000000回回字符\n间距105"
104,0,0,"字间距
-9到-20","[playlist]
item_no = 1
item0 = 500,1,0,\c000000000000\b255000000000\fk4848\S-20回回字符间距-20"
105,0,0,多项字间距,"[playlist]
item_no = 10
item0 = 500,1,2,\fs4848Multiple字符间距-a00
item1 = 500,2,0,\fk4848\S00Multiple字符间距-00
item3 = 500,3,0,\fh4848\S00Multiple字符间距-00
item4 = 500,4,0,\ff4848\S05Multiple字符间距-05
item5 = 500,5,0,\fh4848\S17Multiple字符间距-17
item6 = 500,6,0,\fk4848\S38Multiple字符间距-38
item7 = 500,7,0,\fs4848\S72Multiple字符间距-72
item8 = 500,8,0,\fk4848\S99Multiple字符间距-99
item9 = 500,9,0,\fh4848\S100Multiple字符间距-100"
106,0,0,黑体1,"[playlist]
item_no = 1
item0 = 500,1,0,\fh1616黑体大小16Ab-12"
107,0,0,黑体2,"[playlist]
item_no = 1
item0 = 500,1,0,\fh2424黑体大小24Ab-12"
108,0,0,黑体3,"[playlist]
item_no = 1
item0 = 500,1,0,\fh3232黑体大小32Ab-12"
109,0,0,黑体4,"[playlist]
item_no = 1
item0 = 500,1,0,\fh4848黑体大小48Ab-12"
110,0,0,黑体5,"[playlist]
item_no = 1
item0 = 500,1,0,\fh6464黑体大小64Ab-12"
111,0,0,黑体6,"[playlist]
item_no = 1
item0 = 500,1,1,\fh5656黑体56大小AbCd-+=1234"
112,0,0,宋体1,"[playlist]
item_no = 1
item0 = 500,1,0,默认字体16Ab-34"
113,0,0,宋体2,"[playlist]
item_no = 1
item0 = 500,1,0,\fs1616宋体大小16Ab-12"
114,0,0,宋体3,"[playlist]
item_no = 1
item0 = 500,1,0,\fs2424宋体大小24Ab-12"
115,0,0,宋体4,"[playlist]
item_no = 1
item0 = 500,1,0,\fs3232宋体大小32Ab-12"
116,0,0,宋体5,"[playlist]
item_no = 1
item0 = 500,1,0,\fs4848宋体大小48Ab-12"
117,0,0,宋体6,"[playlist]
item_no = 1
item0 = 500,1,0,\fs6464宋体大小64Ab-12"
118,0,0,宋体7,"[playlist]
item_no = 1
item0 = 500,1,0,\fs5656宋体大小56Ab-12"
119,0,0,楷体1,"[playlist]
item_no = 1
item0 = 500,1,0,\fk1616楷体大小16Ab-12"
120,0,0,楷体2,"[playlist]
item_no = 1
item0 = 500,1,0,\fk2424楷体大小24Ab-12"
121,0,0,楷体3,"[playlist]
item_no = 1
item0 = 500,1,0,\fk3232楷体大小32Ab-12"
122,0,0,楷体4,"[playlist]
item_no = 1
item0 = 500,1,0,\fk4848楷体大小48Ab-12"
123,0,0,楷体5,"[playlist]
item_no = 1
item0 = 500,1,0,\fk6464楷体大小64Ab-12"
124,0,0,楷体6,"[playlist]
item_no = 1
item0 = 500,1,0,\fk5656楷体大小56Ab-12"
125,0,0,多种字体组合,"[playlist]
item_no = 1
item0 = 500,1,2,\fs1616宋\fk2424楷\fh3232黑\ff4848仿\fV02202210simkai.ttf矢量楷\fV02502510simhei.ttf矢量黑\fV03303310simsun.ttc矢量宋"
126,0,0,多项字体切换,"[playlist]
item_no = 7
item0 = 500,1,1,\fs2424宋体Ab-12
item1 = 500,2,0,\fk3232楷体Bc-23
item2 = 500,3,0,\fh4848黑体Cd-34
item3 = 500,4,1,\ff6464仿宋De-45
item4 = 500,5,1,\fV02002010simkai.ttf矢量楷体Ef-56
item5 = 500,6,1,\fV03003010simhei.ttf矢量黑体Fg-67
item6 = 500,7,1,\fV04004010simsun.ttc矢量宋体Gh-78"
127,0,0,换行,"[playlist]
item_no = 1              	
item0 = 500,1,0,换行测试\n123\n换行\Nwer"
128,0,0,BMP显示,"[playlist]
item_no = 1            
item0 = 300,1,0,\B500"
129,0,0,B大小写,"[playlist]
item_no = 1            
item0 = 300,1,0,\b501"
130,0,0,名称4位,"[playlist]
item_no = 1            
item0 = 300,1,0,\B5222"
131,0,0,图片偏移,"[playlist]
item_no = 1            
item0 = 300,1,0,\C100000\B503"
132,0,0,图片文字重合,"[playlist]
item_no = 1            
item0 = 300,1,0,\B504文字"
133,0,0,左图右字,"[playlist]
item_no = 1            
item0 = 300,1,0,\B505\C101000\fs2424左图右字"
134,0,0,左字右图,"[playlist]
item_no = 1            
item0 = 300,1,0,\fk2424左字右图\C096000\B506"
135,0,0,上图下字,"[playlist]
item_no = 1
item0 = 300,1,0,\B507\C000025\fk2424\b000255000000上图下字"
136,0,0,上字下图,"[playlist]
item_no = 1            
item0 = 300,1,0,\fs2424上字下图\C000024\B508"
137,0,0,图片后缀大小写,"[playlist]
item_no = 1            
item0 = 300,1,0,\B509"
138,0,0,多项切换,"[playlist]
item_no = 8
item0 = 1000,1,0,\B500
item1 = 1000,1,0,\B501
item2 = 1000,1,0,\B503
item3 = 1000,1,0,\B504
item4 = 1000,1,0,\B505
item5 = 1000,1,0,\B506
item6 = 1000,1,0,\B507
item7 = 1000,1,0,\B508"
139,0,0,图文混排多项切换,"[playlist]
item_no = 8
item0 = 600,1,0,\B500500
item1 = 600,1,0,\B501501
item2 = 600,1,0,\B503503
item3 = 600,1,0,\B504504
item4 = 600,1,0,\B505\C101000\fs2424左图右字
item5 = 600,1,0,\fk2424左字右图\C096000\B506
item6 = 600,1,0,\B507\C000025\fk2424\b000255000000上图下字
item7 = 600,1,0,\fs2424上字下图\C000024\B508"
140,0,0,红色,"[playlist]
item_no = 1                    
item0 = 300,1,4,\G001"
141,0,0,黄色,"[playlist]
item_no = 1                    
item0 = 300,1,4,\G002"
142,0,0,gif为多帧png底图,"[playlist]
item_no = 1            
item0 = 300,1,0,\G003"
143,0,0,G大小写,"[playlist]
item_no = 1            
item0 = 300,1,0,\g003"
144,0,0,图片名称长度1,"[playlist]
item_no = 1            
item0 = 300,1,0,\G0004"
145,0,0,图片名称长度2,"[playlist]
item_no = 1            
item0 = 300,1,0,\Ga123"
146,0,0,图片名称长度3,"[playlist]
item_no = 1            
item0 = 300,1,0,\Ga12z233"
147,0,0,图片偏移,"[playlist]
item_no = 1              	
item0 = 200,1,0,\C100000\GC01"
148,0,0,图片文字重合,"[playlist]
item_no = 1           
item0 = 1000,1,0,\GC03\fs4848123"
149,0,0,左图右字,"[playlist]
item_no = 1              	
item0 = 300,1,0,\GC04\fs3232\C100012文字部分偏移看图片分辨率"
150,0,0,左字右图,"[playlist]
item_no = 1              	
item0 = 500,1,0,\C264000\GC05\fs2424\C000000图片偏移看文字大小长度"
151,0,0,上图下字,"[playlist]
item_no = 1              	
item0 = 1000,1,0,\C000000\GD02\fs2424\C000030文字偏移看图片高度"
152,0,0,上字下图,"[playlist]
item_no = 1              	
item0 = 500,1,0,\C000017\GD03\fh1616\c255000000000\s000000255000\S05\C000000图片偏移看文字高度"
153,0,0,图片后缀大写,"[playlist]
item_no = 1            
item0 = 300,1,0,\GC11"
154,0,0,多项切换,"[playlist]
item_no = 10
item0 = 500,1,0,\G001
item1 = 500,1,0,\G002
item2 = 500,1,0,\G003
item3 = 500,1,0,\GC01
item4 = 500,1,0,\GC03
item5 = 500,1,0,\GC04
item6 = 500,1,0,\GC05
item7 = 500,1,0,\GD02
item8 = 500,1,0,\GD03
item9 = 500,1,0,\Ga12"
155,0,0,图文混排多项切换,"[playlist]
item_no = 7
item0 = 300,1,0,\G003
item1 = 300,2,0,\C100001\GC01
item2 = 300,3,0,\GC03\fs4848123
item3 = 300,4,0,\GC04\fs3232\C100012文字部分偏移看图片分辨率
item4 = 500,5,0,\C264000\GC05\fs2424\C000000图片偏移看文字大小长度
item5 = 1000,6,0,\C000000\GD02\fs2424\C000030文字偏移看图片高度
item6 = 500,7,0,\C000017\GD03\fh1616\c255000000000\s000000255000\S05\C000000图片偏移看文字高度"
156,0,0,jpg图片,"[playlist]
item_no = 1            
item0 = 300,1,0,\J001"
157,0,0,J大小写,"[playlist]
item_no = 1            
item0 = 300,1,0,\j003"
158,0,0,图片名称4位,"[playlist]
item_no = 1            
item0 = 300,1,0,\J0004"
159,0,0,图文重合,"[playlist]
item_no = 1            
item0 = 300,1,0,\Ja123"
160,0,0,图片偏移,"[playlist]
item_no = 1              	
item0 = 200,1,0,\C100000\JC00"
161,0,0,图片文字重合,"[playlist]
item_no = 1            
item0 = 300,1,0,\JC01\fs2424文字部分"
162,0,0,左图右字,"[playlist]
item_no = 1              	
item0 = 500,1,0,\JC02\fs3232\C100010文字部分偏移看图片分辨率"
163,0,0,左字右图,"[playlist]
item_no = 1              	
item0 = 500,1,0,\C264000\JC03\fs2424\C000000图片偏移看文字大小长度"
164,0,0,上图下字,"[playlist]
item_no = 1              	
item0 = 500,1,0,\C000000\JF11\fs2424\C000021文字偏移看图片高度"
165,0,0,上字下图,"[playlist]
item_no = 1              	
item0 = 500,1,0,\C000024\JF12\fs2424\c255000000000\s000000255000\S05\C000000图片偏移看文字高度"
166,0,0,图片后缀大写,"[playlist]
item_no = 1              	
item0 = 500,1,0,\JC10"
167,0,0,多项切换,"[playlist]
item_no = 20 
item0 = 300,1,0,\J001
item1 = 300,1,0,\J003
item2 = 300,1,0,\J000
item3 = 300,1,0,\Ja12
item4 = 300,1,0,\Ja123
item5 = 300,1,0,\Jqqq
item6 = 300,1,0,\J100
item7 = 300,1,0,\JAAa
item8 = 300,1,0,\Ja00
item9 = 300,1,0,\Ja01
item10 = 300,1,0,\Jzzz
item11 = 300,1,0,\JF01
item12 = 300,1,0,\JF02
item13 = 300,1,0,\JF03
item14 = 300,1,0,\JF04
item15 = 300,1,0,\JF05
item16 = 300,1,0,\JF06
item17 = 300,1,0,\JF07
item18 = 300,1,0,\JF08
item19 = 300,1,0,\JF09"
168,0,0,png图片,"[playlist]
item_no = 1            
item0 = 300,1,0,\P001"
169,0,0,P大小写,"[playlist]
item_no = 1            
item0 = 300,1,0,\p003"
170,0,0,图片名称4位,"[playlist]
item_no = 1            
item0 = 300,1,0,\P0004"
171,0,0,图文重合,"[playlist]
item_no = 1            
item0 = 300,1,0,\Pa0034ab"
172,0,0,图片偏移,"[playlist]
item_no = 1              	
item0 = 200,1,0,\C100015\PB03"
173,0,0,图片文字重合,"[playlist]
item_no = 1            
item0 = 300,1,0,\PB04\fs6464文字部分"
174,0,0,左图右字,"[playlist]
item_no = 1              	
item0 = 500,1,0,\PB05\fs3232\C050010文字部分偏移看图片分辨率"
175,0,0,左字右图,"[playlist]
item_no = 1              	
item0 = 500,1,0,\C400000\PB06\fs3232\C000000图片偏移看文字大小长度"
176,0,0,上图下字,"[playlist]
item_no = 1              	
item0 = 500,1,0,\C000000\PE01\fs1616\C000033文字偏移看图片高度"
177,0,0,上字下图,"[playlist]
item_no = 1              	
item0 = 500,1,0,\C000018\PE02\fs2424\c255000000000\s000000255000\S05\C000000图片偏移看文字高度"
178,0,0,图片后缀大写,"[playlist]
item_no = 1
item0 = 300, 1, 0,\PB11"
179,0,0,图片切换,"[playlist]
item_no = 10            
item0 = 300,1,0,\P001
item1 = 300,1,0,\p003
item2 = 300,1,0,\P0004
item3 = 300,1,0,\Pa0034ab
item4 = 300,1,0,\PB03
item5 = 300,1,0,\PB04\fs4848123def文字部分
item6 = 300,1,0,\PB05\fs3232\C050010文字部分偏移看图片分辨率
item7 = 300,1,0,\C400000\PB06\fs3232\C000000图片偏移看文字大小长度
item8 = 300,1,0,\C000000\PE01\fs1616\C000033文字偏移看图片高度
item9 = 300,1,0,\C000018\PE02\fs2424\c255000000000\s000000255000\S05\C000000图片偏移看文字高度"
180,0,0,多张bmp,"[playlist]
item_no = 1           
item0 = 500,2,0,\Ba00\C050005\Ba01"
181,0,0,多张jpg,"[playlist]
item_no = 1           
item0 = 500,3,0,\Ja00\C050005\Ja01"
182,0,0,多张gif,"[playlist]
item_no = 1           
item0 = 500,4,0,\GC09\C050009\GC10"
183,0,0,多张png,"[playlist]
item_no = 1           
item0 = 500,5,0,\Pa00\C050000\Pa01"
184,0,0,多种图片混排,"[playlist]
item_no = 1           
item0 = 500,1,0,\GC07\C050000\PE16\C180000\BA06\C310002\JC09"
185,0,0,转义\C与\S,"[playlist]
item_no = 2             
item0 = 300,1,0,\fk4848转义字符\C200000\S16组合11
item1 = 300,1,0,\fk4848转义字符\S20\C200015组合22"
186,0,0,\C与\S图文混合,"[playlist]
item_no = 2             
item0 = 300,2,0,\B040\fk4848\C100000\S16转义字符组合33
item1 = 300,3,0,\fk4848\BA17\S16\C234000转义字符组合44"
187,0,0,转义\C与\fn,"[playlist]
item_no = 2             
item0 = 300,1,0,\fs4848\C100000转义字符组合555
item1 = 300,1,0,\C100011\fV03303310simkai.ttf转义字符组合666"
188,0,0,\C与\fn图文混合,"[playlist]
item_no = 2             
item0 = 500,4,0,\GC05\fs4848\C123-05转义字符组合777
item1 = 500,5,0,\GC06\C234-10\fs4848转义字符组合888"
189,0,0,转义\C与\n,"[playlist]
item_no = 1             
item0 = 500,1,0,\fs1616\b000255000000转义字符ABCDEF\C064000\n组合123"
190,0,0,\C与\n图文混合,"[playlist]
item_no = 2             
item0 = 500,6,0,\JAAa\b000255000000\fs2424转义字符\C096000\n组合AAA
item1 = 500,7,0,\fk2424转义字符\n\C096000组合BBB"
191,0,0,转义\S与\n,"[playlist]
item_no = 2             
item0 = 300,1,0,\fk2424转义字符\S16\n组合CCC
item1 = 300,1,0,\fk3232转义字符\n\S16组合DDD"
192,0,0,\S与\n图文混合,"[playlist]
item_no = 2             
item0 = 300,2,0,\PE11\b000255000000\fk2424转义字符\S16\n组合EEE
item1 = 300,2,0,\PE12\b255255000000\fk2424转义字符\n\S16组合FFF"
193,0,0,转义\S与\B、\P、\G、\J,"[playlist]
item_no = 4             
item0 = 200,1,0,\S16\Ba00\fs3232转义字符组合111
item1 = 200,1,0,\JAAa\S23\fk4848转义字符组合222
item2 = 500,2,0,\ff2424\S30\GD19转义字符组合333
item3 = 200,3,0,\fh1616\P003\S31转义字符组合444"
194,0,0,"转义\n与\B,\P,\G,\J","[playlist]
item_no = 2             
item0 = 500,1,0,\BC13\n\GC07\n\JF29\n\PB10\fs4848图片换行测试11
item1 = 500,1,0,\B100\C050000\Gfff\C150000\Ja00\C200000\Pa00\C300000\fs2424确认图片上传成功测试22"
195,0,0,转义\c与\b与\S与\fn,"[playlist]
item_no = 3 
item0 = 300,1,0,\c255000000000\b255255000000\fs6464\S00转义字符组合11
item1 = 300,30,0,\c255000000000\b255255000000\fs6464\S10转义字符组合22
item2 = 300,30,0,\S50\fk6464\b255255000000\c000000255000转义字符组合33"
196,0,0,多项切换,"[playlist]
item_no = 9 
item0 = 300,1,0,\fk4848转义字符\C200000\S16组合11
item1 = 500,1,0,\BA17\fk2424\S16\C040016转义字符组合22
item2 = 500,1,0,\fs4848\C100000转义字符组合33
item3 = 500,1,0,\GC05\fs4848\C050000转义字符组合44
item4 = 500,1,0,\fs1616\b000255000000转义字符ABCDEF\C064000\n组合55
item5 = 500,1,0,\fk2424转义字符\S16\n组合66
item6 = 500,1,0,\S16\Ba00\fs3232转义字符组合77
item7 = 500,1,0,\BC13\n\GC07\n\JF29\n\PB10\fs4848图片换行测试88
item8 = 500,1,0,\c255000000000\b255255000000\fs6464\S20转义字符组合99
"
197,0,0,左右等分,"[playlist]
nwindows=2                                
windows0_x=0
windows0_y=0
windows0_w=250
windows0_h=50
item_no = 1             
item0 = 300, 1, 0,\b255255000000\fs4848左右等分文字
windows1_x=250
windows1_y=0
windows1_w=250
windows1_h=50
windows1_item_no = 1       
windows1_item0=300, 1, 0,\c000255000000\b255000000000\fs4848左右等分文字"
198,0,0,左右不等分,"[playlist]
nwindows=2                                
windows0_x=0
windows0_y=0
windows0_w=96
windows0_h=50
item_no = 1             
item0 = 300, 1, 0,\fs4848左右隐藏\n分区\n左区\n域01\n02\n03\n04\n05\n06
windows1_x=96
windows1_y=0
windows1_w=404
windows1_h=50
windows1_item_no = 1       
windows1_item0=300, 1, 0,\fs4848\c000255000000左右分区右区域123456"
199,0,0,左右间隔分区,"[playlist]
nwindows=2
windows0_x=0
windows0_y=0
windows0_w=96
windows0_h=50
item_no = 1
item0 = 300, 1, 0,\b255255000000\fs4848左右隐藏\n分区\n左区\n域01\n02\n03\n04\n05\n06
windows1_x=200
windows1_y=0
windows1_w=264
windows1_h=48
windows1_item_no = 1       
windows1_item0=300, 1, 0,\fs4848\b255000000000\c255255000000左右分区右隐藏\n区域\n1\n2\n3\n4\n5\n6"
200,0,0,左右分区图文混合,"[playlist]
nwindows=2
windows0_x=0
windows0_y=0
windows0_w=96
windows0_h=50
item_no = 1
item0 = 300, 1, 0,\b255255000000\fs4848左右隐藏\n分区\n左区\n域01\n02\n03\n04\n05\n06
windows1_x=96
windows1_y=0
windows1_w=350
windows1_h=50
windows1_item_no = 1
windows1_item0=300, 1, 0,\B040\fs3232\C100000\c000255000000\b255255000000图文混排文字隐藏\n部分\n1\n2\n3\n4"
201,0,0,上下等分,"[playlist]
nwindows=2
windows0_x=0
windows0_y=0
windows0_w=500
windows0_h=25
item_no = 1
item0 = 300, 1, 0,\fs2424上下分区上区域一二三四五六七八九十十九八七六五四三二一01\n03\n04\n05\n06
windows1_x=0
windows1_y=25
windows1_w=500
windows1_h=25
windows1_item_no = 1
windows1_item0=300, 1, 0,\fs2424\c000255000000上下分区下区域八九十一二三四五六七八九十123\n10\n09\n08\n07\n06\n05\"
202,0,0,上下不等分,"[playlist]
nwindows=2
windows0_x=0
windows0_y=0
windows0_w=500
windows0_h=16
item_no = 1
item0 = 300, 1, 0,\fs1616\c255255000000注意安全行驶，保持车距 限速60公里/小时，请遵守交通规则 注意疲劳驾驶，及时休息\n02\n03\n04
windows1_x=0
windows1_y=16
windows1_w=500
windows1_h=34
windows1_item_no = 1
windows1_item0=300, 1, 0,\fs3232\c255000000000雨天行车，请开启雨刮器和车灯 前方施工，请减速慢行\n上下分区下区域"
203,0,0,上下间隔分区,"[playlist]
nwindows=2
windows0_x=0
windows0_y=0
windows0_w=500
windows0_h=20
item_no = 1
item0 = 300, 1, 0,\b255255000000\fs2424上下分区上区域八九十 注意交通堵塞，提前规划行程 禁止酒驾，保护生命安全\n02
windows1_x=0
windows1_y=25
windows1_w=500
windows1_h=25
windows1_item_no = 1
windows1_item0=300, 1, 0,\b000255000000\fs2424上下分区下区域八九十 请系好安全带，保护自己和乘客 注意行人过街，请礼让行人123\n10"
204,0,0,上下分区图文混合,"[playlist]
nwindows=2
windows0_x=0
windows0_y=0
windows0_w=512
windows0_h=16
item_no = 1
item0 = 300, 1, 0,\b255000000000\fs1616\c255255000000上下分区上区域八九十\n02\n03\n04\n05\n06
windows1_x=0
windows1_y=16
windows1_w=400
windows1_h=280
windows1_item_no = 1
windows1_item0=300, 1, 0,\B040\fh1616\c000255000000\C064000文字三四五六七八九十部分\n文字"
205,0,0,左图右文字,"[playlist]
nwindows=2                                
windows0_x=0
windows0_y=0
windows0_w=250
windows0_h=50
item_no = 1             
item0 = 300, 1, 0,\Ppng
windows1_x=250
windows1_y=0
windows1_w=250
windows1_h=50
windows1_item_no = 1       
windows1_item0=300, 1, 0,\fs4848一二三四五六七八九"
206,0,0,布局裁减,"[playlist]
nwindows=2                                
windows0_x=0
windows0_y=0
windows0_w=250
windows0_h=50
item_no = 1             
item0 = 300, 1, 0,\Ppng
windows1_x=250
windows1_y=0
windows1_w=300
windows1_h=60
windows1_item_no = 1       
windows1_item0=300, 1, 0,\Ppng"
207,0,0,区域覆盖,"[playlist]
nwindows=2
windows0_x=0
windows0_y=0
windows0_w=500
windows0_h=50
item_no = 1
item0 = 300, 1, 0,\Ppng
windows1_x=200
windows1_y=0
windows1_w=300
windows1_h=50
windows1_item_no = 1
windows1_item0=300, 1, 0,\fs4848右区域文字显示"
208,0,0,区域包含,"[playlist]
nwindows=2                                
windows0_x=0
windows0_y=0
windows0_w=500
windows0_h=50
item_no = 1             
item0 = 300, 1, 0,\Ppng
windows1_x=200
windows1_y=0
windows1_w=96
windows1_h=48
windows1_item_no = 1
windows1_item0=300, 1, 0,\b255000000000\fs4848右区域文字"
209,0,0,五窗口,"[playlist]
nwindows=5                                
windows0_x=0
windows0_y=0
windows0_w=100
windows0_h=50
item_no = 1             
item0 = 300, 1, 0,\b255000000000\fk4848红色区域
windows1_x=100
windows1_y=0
windows1_w=100
windows1_h=50
windows1_item_no = 1       
windows1_item0=300, 1, 0,\b000255000000\fk4848绿色区域
windows2_x=200
windows2_y=0
windows2_w=100
windows2_h=50
windows2_item_no = 1       
windows2_item0=300, 1, 0,\b255255000000\fk4848黄色区域
windows3_x=300
windows3_y=0
windows3_w=100
windows3_h=50
windows3_item_no = 1       
windows3_item0=300, 1, 0,\b255000000000\fs4848红色区域
windows4_x=400
windows4_y=0
windows4_w=100
windows4_h=50
windows4_item_no = 1       
windows4_item0=300, 1, 0,\b000255000000\fs4848绿色区域"
210,0,0,五窗口多项切换,"[playlist]
nwindows=5
windows0_x=0
windows0_y=0
windows0_w=100
windows0_h=50
item_no = 3
item0 = 300, 1, 0,\b255000000000\fk4848红色区域
item1 = 500, 1, 0,\fs4848注意
item2 = 500, 2, 0,\fs4848上移
windows1_x=100
windows1_y=0
windows1_w=100
windows1_h=50
windows1_item_no = 3
windows1_item0=300, 1, 0,\b000255000000\fk4848绿色区域
windows1_item1=500, 1, 0,\fs4848安全
windows1_item2=500, 3, 0,\fs4848下移
windows2_x=200
windows2_y=0
windows2_w=100
windows2_h=50
windows2_item_no = 3
windows2_item0=300, 1, 0,\b255255000000\fk4848黄色区域
windows2_item1=500, 1, 0,\fs4848行驶
windows2_item2=500, 4, 0,\fs4848左移
windows3_x=300
windows3_y=0
windows3_w=100
windows3_h=50
windows3_item_no = 3
windows3_item0=300, 1, 0,\b255000000000\fs4848红色区域
windows3_item1=500, 1, 0,\fs4848保持
windows3_item2=500, 5, 0,\fs4848右移
windows4_x=400
windows4_y=0
windows4_w=100
windows4_h=50
windows4_item_no = 3
windows4_item0=300, 1, 0,\b000255000000\fs4848绿色区域
windows4_item1=500, 1, 0,\fs4848车距
windows4_item2=500, 1, 0,\fs4848立显"
211,0,0,五窗口同步多项切换,"[playlist]
nwindows=5
windows0_x=0
windows0_y=0
windows0_w=100
windows0_h=50
item_no = 5
item0 = 500, 1, 0,\b255000000000\fk4848红色区域
item1 = 500, 2, 0,\fs4848注意
item2 = 500, 3, 0,\fs4848前方
item3 = 500, 4, 0,\fs4848禁止
item4 = 500, 5, 0,\fs4848注意

windows1_x=100
windows1_y=0
windows1_w=100
windows1_h=50
windows1_item_no = 5
windows1_item0=500, 1, 0,\b000255000000\fk4848绿色区域
windows1_item1=500, 2, 0,\fs4848安全
windows1_item2=500, 3, 0,\fs4848施工
windows1_item3=500, 4, 0,\fs4848酒驾
windows1_item4=500, 5, 0,\fs4848疲劳

windows2_x=200
windows2_y=0
windows2_w=100
windows2_h=50
windows2_item_no = 5
windows2_item0=500, 1, 0,\b255255000000\fk4848黄色区域
windows2_item1=500, 2, 0,\fs4848行驶
windows2_item2=500, 3, 0,\fs4848请减
windows2_item3=500, 4, 0,\fs4848保护
windows2_item4=500, 5, 0,\fs4848驾驶

windows3_x=300
windows3_y=0
windows3_w=100
windows3_h=50
windows3_item_no = 5
windows3_item0=500, 1, 0,\b255000000000\fs4848红色区域
windows3_item1=500, 2, 0,\fs4848保持
windows3_item2=500, 3, 0,\fs4848速慢
windows3_item3=500, 4, 0,\fs4848生命
windows3_item4=500, 5, 0,\fs4848及时

windows4_x=400
windows4_y=0
windows4_w=100
windows4_h=50
windows4_item_no = 5
windows4_item0=500, 1, 0,\b000255000000\fs4848绿色区域
windows4_item1=500, 2, 0,\fs4848车距
windows4_item2=500, 3, 0,\fs4848行！
windows4_item3=500, 4, 0,\fs4848安全
windows4_item4=500, 5, 0,\fs4848休息

"
212,0,0,10窗口,"[playlist]
nwindows=10                             
windows0_x=0
windows0_y=0
windows0_w=100
windows0_h=25
item_no = 1             
item0 = 300, 1, 0,\b255000000000\fs2424红色区域
windows1_x=100
windows1_y=0
windows1_w=100
windows1_h=25
windows1_item_no = 1       
windows1_item0=300, 1, 0,\b000255000000\fs2424绿色区域
windows2_x=200
windows2_y=0
windows2_w=100
windows2_h=25
windows2_item_no = 1       
windows2_item0=300, 1, 0,\b255255000000\fs2424黄色区域
windows3_x=300
windows3_y=0
windows3_w=100
windows3_h=25
windows3_item_no = 1       
windows3_item0=300, 1, 0,\b255000000000\fs2424红色区域
windows4_x=400
windows4_y=0
windows4_w=100
windows4_h=25
windows4_item_no = 1       
windows4_item0=300, 1, 0,\b000255000000\fs2424绿色区域
windows5_x=0
windows5_y=25
windows5_w=100
windows5_h=25
windows5_item_no = 1       
windows5_item0=300, 1, 0,\b255255000000\fs2424黄色区域
windows6_x=100
windows6_y=25
windows6_w=100
windows6_h=25
windows6_item_no = 1       
windows6_item0=300, 1, 0,\b255000000000\fs2424红色区域
windows7_x=200
windows7_y=25
windows7_w=100
windows7_h=25
windows7_item_no = 1       
windows7_item0=300, 1, 0,\b000255000000\fs2424绿色区域
windows8_x=300
windows8_y=25
windows8_w=100
windows8_h=25
windows8_item_no = 1       
windows8_item0=300, 1, 0,\b255255000000\fs2424黄色区域
windows9_x=400
windows9_y=25
windows9_w=100
windows9_h=25
windows9_item_no = 1       
windows9_item0=300, 1, 0,\b255000000000\fs2424红色区域

"
213,0,0,10窗口多项切换,"[playlist]
nwindows=10                             
windows0_x=0
windows0_y=0
windows0_w=100
windows0_h=25
item_no = 5             
item0 = 300, 1, 0,\b255000000000\fs2424红色区域
item1 = 3000, 1, 0,\fs2424注意安全
item2 = 3000, 1, 0,\fk2424雨天行车
item3 = 3000, 1, 0,\fh2424酒驾，保
item4 = 3000, 1, 0,\ff2424驾驶，保
windows1_x=100
windows1_y=0
windows1_w=100
windows1_h=25
windows1_item_no = 5       
windows1_item0=300, 1, 0,\b000255000000\fs2424绿色区域
windows1_item1=3000, 1, 0,\fs2424行驶，保
windows1_item2=3000, 1, 0,\fk2424请开启雨
windows1_item3=3000, 1, 0,\fh2424护生命安
windows1_item4=3000, 1, 0,\ff2424持清醒状
windows2_x=200
windows2_y=0
windows2_w=100
windows2_h=25
windows2_item_no = 5       
windows2_item0=300, 1, 0,\b255255000000\fs2424黄色区域
windows2_item1=3000, 1, 0,\fs2424持车距。
windows2_item2=3000, 1, 0,\fk2424刮器和车
windows2_item3=3000, 1, 0,\fh2424全。请系
windows2_item4=3000, 1, 0,\ff2424态。注意
windows3_x=300
windows3_y=0
windows3_w=100
windows3_h=25
windows3_item_no = 5       
windows3_item0=300, 1, 0,\b255000000000\fs2424红色区域
windows3_item1=3000, 1, 0,\fs2424限速60公
windows3_item2=3000, 1, 0,\fk2424灯。前方
windows3_item3=3000, 1, 0,\fh2424好安全带
windows3_item4=3000, 1, 0,\ff2424安全行驶
windows4_x=400
windows4_y=0
windows4_w=100
windows4_h=25
windows4_item_no = 5       
windows4_item0=300, 1, 0,\b000255000000\fs2424绿色区域
windows4_item1=3000, 1, 0,\fs2424里/小时
windows4_item2=3000, 1, 0,\fk2424施工，请
windows4_item3=3000, 1, 0,\fh2424保护自己
windows4_item4=3000, 1, 0,\ff2424保持车距
windows5_x=0
windows5_y=25
windows5_w=100
windows5_h=25
windows5_item_no = 5       
windows5_item0=300, 1, 0,\b255255000000\fs2424黄色区域
windows5_item1=3000, 1, 0,\fs2424请遵守交
windows5_item2=3000, 1, 0,\fk2424减速慢行
windows5_item3=3000, 1, 0,\fh2424和乘客。
windows5_item4=3000, 1, 0,\ff2424雨天路滑
windows6_x=100
windows6_y=25
windows6_w=100
windows6_h=25
windows6_item_no = 5       
windows6_item0=300, 1, 0,\b255000000000\fs2424红色区域
windows6_item1=3000, 1, 0,\fs2424通规则。
windows6_item2=3000, 1, 0,\fk2424注意交通
windows6_item3=3000, 1, 0,\fh2424注意行人
windows6_item4=3000, 1, 0,\ff2424减速慢行
windows7_x=200
windows7_y=25
windows7_w=100
windows7_h=25
windows7_item_no = 5       
windows7_item0=300, 1, 0,\b000255000000\fs2424绿色区域
windows7_item1=3000, 1, 0,\fs2424注意疲劳
windows7_item2=3000, 1, 0,\fk2424堵塞，提
windows7_item3=3000, 1, 0,\fh2424过街，请
windows7_item4=3000, 1, 0,\ff2424右方来车
windows8_x=300
windows8_y=25
windows8_w=100
windows8_h=25
windows8_item_no = 5       
windows8_item0=300, 1, 0,\b255255000000\fs2424黄色区域
windows8_item1=3000, 1, 0,\fs2424驾驶，及
windows8_item2=3000, 1, 0,\fk2424前规划行
windows8_item3=3000, 1, 0,\fh2424礼让行人
windows8_item4=3000, 1, 0,\ff2424缓行通过
windows9_x=400
windows9_y=25
windows9_w=100
windows9_h=25
windows9_item_no = 5       
windows9_item0=300, 1, 0,\b255000000000\fs2424红色区域
windows9_item1=3000, 1, 0,\fs2424时休息。
windows9_item2=3000, 1, 0,\fk2424程。禁止
windows9_item3=3000, 1, 0,\fh2424不要疲劳
windows9_item4=3000, 1, 0,\ff2424注意鸣笛"
